{
    "Accommodation and Food Services": {
        "EM1": 0.5245873247607027,
        "EM2": -0.7286987268444614,
        "EM3": 0.9673164509821881,
        "EM4": 3.0,
        "sampleSize": 46
    },
    "Health Care and Social Assistance": {
        "EM1": 0.37305849714460254,
        "EM2": -0.9585337834683462,
        "EM3": 1.0748008328647973,
        "EM4": 1.5,
        "sampleSize": 49
    },
    "Information": {
        "EM1": 0.4199853026673978,
        "EM2": -0.9995782317213794,
        "EM3": 0.8189247526610066,
        "EM4": 1.0,
        "sampleSize": 179
    },
    "Manufacturing": {
        "EM1": 0.5022994986659404,
        "EM2": -0.9945695451588304,
        "EM3": 0.7927161704384529,
        "EM4": 1.2777777777777777,
        "sampleSize": 1015
    },
    "Mining, Quarrying, and Oil and Gas Extraction": {
        "EM1": 0.728755933123966,
        "EM2": -0.8622240231873568,
        "EM3": 1.0762627734979442,
        "EM4": 0.8,
        "sampleSize": 90
    },
    "Professional, Scientific, and Technical Services": {
        "EM1": 0.5543131903202629,
        "EM2": -0.48032148649847284,
        "EM3": 0.49101041442975124,
        "EM4": 0.7777777777777778,
        "sampleSize": 191
    },
    "Real Estate and Rental and Leasing": {
        "EM1": 0.16645171021804372,
        "EM2": -0.3687188958204337,
        "EM3": 1.3236772926481886,
        "EM4": 2.75,
        "sampleSize": 165
    },
    "Utilities": {
        "EM1": 0.2429771562946497,
        "EM2": 0.916422390940037,
        "EM3": 2.0933633591658287,
        "EM4": 5.0,
        "sampleSize": 65
    }
}