{
    "Accommodation and Food Services": [0.5069051080628837, 0.797513188974404, 0.829231819039676, 0.7763900091541526, 0.7825410257291716, 0.7985413564032566, 0.8204811887344472, 0.8405589225353454],
    "Health Care and Social Assistance": [0.8174523782777208, 0.8780546005585965, 0.8435231958062248, 0.8275238012709111, 0.8285570093978892, 0.9274029528148929, 1.0246919106495795, 0.9672116754612169],
    "Information": [0.41470226316049175, 0.4616572860598094, 0.4601094094768366, 0.4625071497500478, 0.48572975699770266, 0.5032325353919403, 0.4900890283063029, 0.5118435843234354],
    "Manufacturing": [0.603479633888243, 0.6674054288584196, 0.6726978895586585, 0.6673177521035217, 0.6352195109356831, 0.6745316400336953, 0.7600491471962122, 0.7989514683793166],
    "Mining, Quarrying, and Oil and Gas Extraction": [0.29254091085517, 0.44038710622591026, 0.46684606856844263, 0.3731011870008998, 0.27443847037304286, 0.2825797523588802, 0.43070248309150205, 0.42331529140354235],
    "Professional, Scientific, and Technical Services": [0.6464941215638997, 0.7420513033111931, 0.7428049456342984, 0.7888094145904504, 0.8114906079710071, 0.8360772903542396, 0.8420726339061032, 0.9099483609898442],
    "Real Estate and Rental and Leasing": [0.16348493624322125, 0.19965173781549206, 0.1986679249988676, 0.20204532060082084, 0.19633730370978641, 0.1803982461737213, 0.18297283235598186, 0.17249967535816443],
    "Utilities": [0.2154346880679351, 0.24345572915981054, 0.25667727398148094, 0.25539561135155175, 0.2608309617057897, 0.27227023566198044, 0.31520968260685117, 0.298529215677933],
}